[
  {
    "id": "e1d66510-d7fa-4271-89cb-7fb884a6b5e0",
    "data": [
      {
        "text": "i want to order food",
        "userDefined": false
      }
    ],
    "isTemplate": false,
    "count": 0,
    "lang": "en",
    "updated": 0
  },
  {
    "id": "8093ba70-cb6e-4696-a46b-9aa02ab080e1",
    "data": [
      {
        "text": "imma need some food",
        "userDefined": false
      }
    ],
    "isTemplate": false,
    "count": 0,
    "lang": "en",
    "updated": 0
  },
  {
    "id": "af54aff9-096b-4fbe-8e89-d574de011e3f",
    "data": [
      {
        "text": "food plz",
        "userDefined": false
      }
    ],
    "isTemplate": false,
    "count": 0,
    "lang": "en",
    "updated": 0
  },
  {
    "id": "1adfc765-b576-4312-8a51-d43d199eb016",
    "data": [
      {
        "text": "i would like to order food",
        "userDefined": false
      }
    ],
    "isTemplate": false,
    "count": 0,
    "lang": "en",
    "updated": 0
  },
  {
    "id": "415454cb-76ea-40f0-91d8-d42b593b2e12",
    "data": [
      {
        "text": "i want food",
        "userDefined": false
      }
    ],
    "isTemplate": false,
    "count": 0,
    "lang": "en",
    "updated": 0
  },
  {
    "id": "4f9d92cd-dddb-4669-a9b3-bd137923e48e",
    "data": [
      {
        "text": "give me food",
        "userDefined": false
      }
    ],
    "isTemplate": false,
    "count": 0,
    "lang": "en",
    "updated": 0
  },
  {
    "id": "a63fab40-ea1c-4d17-b3dc-a53a525072c7",
    "data": [
      {
        "text": "im hungry",
        "userDefined": false
      }
    ],
    "isTemplate": false,
    "count": 0,
    "lang": "en",
    "updated": 0
  }
]