[
  {
    "id": "e674526e-c12f-41b1-a93c-a0db3fb874e6",
    "data": [
      {
        "text": "first",
        "meta": "@sys.ignore",
        "userDefined": true
      },
      {
        "text": " course",
        "userDefined": false
      }
    ],
    "isTemplate": false,
    "count": 0,
    "lang": "en",
    "updated": 0
  },
  {
    "id": "905abb61-9ba7-4ac6-aaf5-998dcc0fe93a",
    "data": [
      {
        "text": "1",
        "meta": "@sys.ignore",
        "userDefined": false
      }
    ],
    "isTemplate": false,
    "count": 0,
    "lang": "en",
    "updated": 0
  }
]